customer_id,signup_date,region,segment
C0001,2023-09-05,Midwest,Consumer
C0002,2024-01-07,West,Consumer
C0003,2023-10-17,South,Consumer
C0004,2023-11-22,South,Consumer
C0005,2024-07-01,South,Consumer
C0006,2024-05-31,Midwest,Corporate
C0007,2024-05-18,South,Consumer
C0008,2023-12-27,South,Consumer
C0009,2024-12-08,West,Corporate
C0010,2023-07-21,West,Corporate
C0011,2023-12-16,South,Consumer
C0012,2023-08-08,South,Small Business
C0013,2023-12-14,West,Small Business
C0014,2024-12-09,Midwest,Corporate
C0015,2023-12-30,West,Corporate
C0016,2024-11-08,South,Consumer
C0017,2024-03-14,Northeast,Small Business
C0018,2024-07-10,Northeast,Consumer
C0019,2024-02-21,West,Small Business
C0020,2023-11-02,Northeast,Corporate
C0021,2024-08-17,Midwest,Consumer
C0022,2024-12-14,Midwest,Consumer
C0023,2023-10-31,Northeast,Corporate
C0024,2024-08-25,Midwest,Corporate
C0025,2023-10-30,South,Consumer
C0026,2024-07-20,Northeast,Corporate
C0027,2024-08-31,West,Small Business
C0028,2024-02-16,West,Consumer
C0029,2024-08-01,Midwest,Consumer
C0030,2023-11-05,Northeast,Consumer
C0031,2023-07-16,South,Corporate
C0032,2023-07-26,Northeast,Consumer
C0033,2024-02-15,Midwest,Small Business
C0034,2024-11-05,West,Consumer
C0035,2023-08-13,West,Corporate
C0036,2024-02-20,West,Consumer
C0037,2024-07-13,Midwest,Consumer
C0038,2023-09-26,South,Corporate
C0039,2024-07-23,South,Consumer
C0040,2023-11-25,Midwest,Consumer
C0041,2024-09-12,South,Small Business
C0042,2024-05-01,Northeast,Small Business
C0043,2024-04-13,Northeast,Small Business
C0044,2023-09-11,South,Consumer
C0045,2024-02-24,Northeast,Corporate
C0046,2024-10-09,Northeast,Small Business
C0047,2023-06-12,West,Consumer
C0048,2024-08-13,West,Consumer
C0049,2024-03-12,South,Small Business
C0050,2024-07-22,West,Consumer
C0051,2024-06-19,West,Corporate
C0052,2024-02-06,Northeast,Small Business
C0053,2023-11-27,South,Corporate
C0054,2024-05-29,Midwest,Consumer
C0055,2023-08-21,Northeast,Consumer
C0056,2024-05-04,South,Consumer
C0057,2023-07-25,South,Consumer
C0058,2024-06-11,South,Corporate
C0059,2024-05-30,Northeast,Small Business
C0060,2023-07-19,Northeast,Consumer
C0061,2024-08-13,West,Consumer
C0062,2024-01-28,Northeast,Small Business
C0063,2024-08-30,Midwest,Consumer
C0064,2023-06-25,Midwest,Consumer
C0065,2023-09-13,South,Consumer
C0066,2024-03-13,South,Corporate
C0067,2023-09-18,South,Consumer
C0068,2023-12-09,Northeast,Corporate
C0069,2024-06-18,Midwest,Consumer
C0070,2023-08-23,West,Corporate
C0071,2024-06-28,South,Consumer
C0072,2023-07-30,South,Consumer
C0073,2023-09-10,South,Consumer
C0074,2024-05-06,West,Consumer
C0075,2024-09-03,Northeast,Consumer
C0076,2023-09-07,Midwest,Consumer
C0077,2023-11-21,South,Consumer
C0078,2024-11-18,Midwest,Consumer
C0079,2024-12-26,West,Small Business
C0080,2024-05-03,South,Consumer
C0081,2024-02-15,West,Small Business
C0082,2023-12-19,West,Small Business
C0083,2024-05-21,South,Consumer
C0084,2024-05-08,West,Corporate
C0085,2023-11-18,South,Small Business
C0086,2023-06-14,West,Corporate
C0087,2023-08-27,Midwest,Consumer
C0088,2024-12-07,South,Consumer
C0089,2024-01-29,South,Consumer
C0090,2024-03-06,Northeast,Consumer
C0091,2024-02-26,Midwest,Small Business
C0092,2024-08-27,West,Small Business
C0093,2023-07-08,South,Consumer
C0094,2023-07-18,Northeast,Corporate
C0095,2023-11-07,Midwest,Consumer
C0096,2024-03-09,Northeast,Small Business
C0097,2024-06-24,Northeast,Consumer
C0098,2024-03-11,West,Small Business
C0099,2024-02-11,South,Small Business
C0100,2024-11-25,Midwest,Consumer
C0101,2023-09-02,South,Consumer
C0102,2024-04-27,Northeast,Small Business
C0103,2024-04-10,Midwest,Consumer
C0104,2024-03-01,South,Consumer
C0105,2024-09-11,South,Small Business
C0106,2023-11-02,West,Corporate
C0107,2024-12-05,South,Consumer
C0108,2023-12-10,South,Consumer
C0109,2024-04-12,West,Consumer
C0110,2024-03-28,West,Small Business
C0111,2024-10-05,South,Consumer
C0112,2024-02-10,West,Consumer
C0113,2023-11-13,West,Consumer
C0114,2023-06-13,West,Small Business
C0115,2023-12-28,Northeast,Consumer
C0116,2024-09-22,South,Small Business
C0117,2023-06-06,South,Corporate
C0118,2024-11-01,South,Small Business
C0119,2024-04-10,South,Small Business
C0120,2023-08-21,West,Small Business
C0121,2023-11-23,West,Small Business
C0122,2024-04-17,Midwest,Consumer
C0123,2023-12-01,South,Corporate
C0124,2023-08-02,South,Consumer
C0125,2024-06-21,Midwest,Consumer
C0126,2024-06-24,Northeast,Small Business
C0127,2023-08-08,Northeast,Small Business
C0128,2023-11-11,West,Corporate
C0129,2023-10-20,South,Consumer
C0130,2024-06-17,West,Consumer
C0131,2024-07-28,South,Consumer
C0132,2024-07-26,West,Consumer
C0133,2024-11-26,Midwest,Consumer
C0134,2024-08-19,West,Consumer
C0135,2023-12-03,Northeast,Consumer
C0136,2023-08-02,South,Corporate
C0137,2024-05-22,West,Consumer
C0138,2024-11-13,West,Small Business
C0139,2024-12-17,West,Corporate
C0140,2023-10-12,Northeast,Consumer
C0141,2023-10-16,Midwest,Consumer
C0142,2023-06-22,Northeast,Consumer
C0143,2023-08-21,Northeast,Small Business
C0144,2024-04-17,South,Consumer
C0145,2024-04-13,South,Consumer
C0146,2024-01-02,West,Small Business
C0147,2023-11-27,West,Small Business
C0148,2024-09-24,South,Consumer
C0149,2024-02-22,West,Consumer
C0150,2024-09-11,Northeast,Consumer
C0151,2024-12-10,Midwest,Consumer
C0152,2023-12-01,South,Consumer
C0153,2023-09-26,West,Corporate
C0154,2024-12-04,Northeast,Small Business
C0155,2024-06-03,South,Consumer
C0156,2023-11-16,South,Corporate
C0157,2024-05-26,Northeast,Consumer
C0158,2024-03-25,Midwest,Small Business
C0159,2024-11-07,West,Corporate
C0160,2023-10-27,South,Small Business
C0161,2024-12-27,Midwest,Small Business
C0162,2024-11-24,West,Consumer
C0163,2023-09-13,Midwest,Consumer
C0164,2023-09-04,West,Consumer
C0165,2024-04-05,Midwest,Consumer
C0166,2023-06-27,South,Small Business
C0167,2023-11-21,Midwest,Consumer
C0168,2024-02-08,Midwest,Corporate
C0169,2024-12-14,West,Consumer
C0170,2024-12-27,Northeast,Consumer
C0171,2023-08-27,Northeast,Consumer
C0172,2024-10-30,Midwest,Corporate
C0173,2023-07-23,South,Corporate
C0174,2024-08-08,West,Consumer
C0175,2024-10-03,West,Consumer
C0176,2024-10-29,Midwest,Corporate
C0177,2023-10-08,Midwest,Consumer
C0178,2024-10-31,Northeast,Small Business
C0179,2023-08-07,South,Consumer
C0180,2024-03-27,West,Consumer
C0181,2024-02-28,South,Consumer
C0182,2023-12-01,South,Consumer
C0183,2023-06-13,Midwest,Consumer
C0184,2024-08-21,West,Consumer
C0185,2023-12-12,South,Small Business
C0186,2024-06-18,Northeast,Consumer
C0187,2024-01-24,Midwest,Consumer
C0188,2024-01-03,Northeast,Consumer
C0189,2024-10-27,Northeast,Consumer
C0190,2023-07-25,Northeast,Corporate
C0191,2024-08-01,South,Consumer
C0192,2024-08-07,South,Corporate
C0193,2024-01-07,Midwest,Consumer
C0194,2023-10-31,South,Small Business
C0195,2023-06-04,West,Consumer
C0196,2024-11-25,South,Small Business
C0197,2024-12-01,South,Consumer
C0198,2023-10-18,Midwest,Consumer
C0199,2023-06-19,West,Small Business
C0200,2023-08-11,Midwest,Corporate
C0201,2023-07-10,Midwest,Corporate
C0202,2024-09-25,West,Consumer
C0203,2024-10-30,South,Corporate
C0204,2023-08-28,South,Small Business
C0205,2024-08-07,South,Corporate
C0206,2023-09-12,South,Consumer
C0207,2023-12-30,Midwest,Corporate
C0208,2024-05-13,Midwest,Corporate
C0209,2024-07-22,Midwest,Small Business
C0210,2024-10-20,Northeast,Consumer
C0211,2023-06-26,West,Consumer
C0212,2023-09-22,Midwest,Small Business
C0213,2023-11-10,South,Consumer
C0214,2023-11-27,West,Corporate
C0215,2024-12-30,West,Consumer
C0216,2024-08-24,South,Consumer
C0217,2023-12-03,South,Corporate
C0218,2024-12-15,West,Consumer
C0219,2024-03-16,South,Consumer
C0220,2024-03-17,West,Corporate
C0221,2024-02-07,West,Corporate
C0222,2023-08-23,West,Small Business
C0223,2024-11-23,Northeast,Consumer
C0224,2023-06-09,South,Consumer
C0225,2023-09-10,Northeast,Small Business
C0226,2023-10-12,South,Consumer
C0227,2023-11-09,West,Consumer
C0228,2023-08-16,South,Consumer
C0229,2023-06-11,South,Consumer
C0230,2024-06-28,Northeast,Small Business
C0231,2024-12-14,West,Corporate
C0232,2023-08-10,Northeast,Corporate
C0233,2023-11-19,Northeast,Consumer
C0234,2024-03-20,Midwest,Consumer
C0235,2024-11-19,Northeast,Consumer
C0236,2024-07-07,South,Consumer
C0237,2024-08-18,South,Consumer
C0238,2024-05-03,Midwest,Consumer
C0239,2024-01-28,Northeast,Consumer
C0240,2023-09-24,Northeast,Corporate
C0241,2024-10-14,Midwest,Corporate
C0242,2024-09-09,Northeast,Consumer
C0243,2023-06-15,South,Consumer
C0244,2024-07-19,Northeast,Corporate
C0245,2023-07-19,Midwest,Corporate
C0246,2024-08-02,Midwest,Small Business
C0247,2024-09-22,Midwest,Consumer
C0248,2023-08-16,Northeast,Small Business
C0249,2024-02-07,Northeast,Consumer
C0250,2023-08-11,West,Consumer
C0251,2024-04-25,Northeast,Consumer
C0252,2024-11-19,South,Consumer
C0253,2023-07-17,South,Consumer
C0254,2024-01-17,Midwest,Consumer
C0255,2024-12-16,South,Corporate
C0256,2023-11-22,West,Consumer
C0257,2023-08-16,West,Consumer
C0258,2024-03-10,Midwest,Consumer
C0259,2024-03-21,Midwest,Consumer
C0260,2024-06-19,Midwest,Consumer
C0261,2023-11-29,South,Consumer
C0262,2024-12-06,South,Consumer
C0263,2024-03-29,Midwest,Corporate
C0264,2023-11-14,Midwest,Small Business
C0265,2024-12-08,West,Consumer
C0266,2024-11-18,Northeast,Corporate
C0267,2024-03-16,South,Small Business
C0268,2023-06-15,South,Small Business
C0269,2024-05-12,Northeast,Corporate
C0270,2024-04-18,Northeast,Small Business
C0271,2023-08-25,Northeast,Small Business
C0272,2024-06-02,West,Corporate
C0273,2024-09-30,Northeast,Consumer
C0274,2023-08-01,Northeast,Consumer
C0275,2024-07-24,Northeast,Consumer
C0276,2023-08-21,Northeast,Consumer
C0277,2024-08-08,South,Consumer
C0278,2024-01-30,Midwest,Consumer
C0279,2023-06-04,South,Corporate
C0280,2024-12-12,South,Corporate
C0281,2023-09-05,West,Small Business
C0282,2024-05-11,Northeast,Consumer
C0283,2023-09-14,West,Consumer
C0284,2024-11-23,South,Corporate
C0285,2024-08-02,Northeast,Small Business
C0286,2024-09-09,West,Small Business
C0287,2024-02-06,West,Small Business
C0288,2024-02-27,Midwest,Small Business
C0289,2024-06-02,West,Consumer
C0290,2024-08-29,South,Consumer
C0291,2024-10-04,South,Consumer
C0292,2023-06-11,West,Corporate
C0293,2024-06-19,Midwest,Small Business
C0294,2023-08-03,West,Consumer
C0295,2023-11-15,Midwest,Corporate
C0296,2024-09-24,West,Consumer
C0297,2023-10-24,South,Consumer
C0298,2024-09-05,Northeast,Consumer
C0299,2024-02-24,Midwest,Consumer
C0300,2023-10-13,Midwest,Small Business
C0301,2023-12-11,Northeast,Consumer
C0302,2024-04-03,Northeast,Small Business
C0303,2024-08-17,Midwest,Corporate
C0304,2024-05-17,Northeast,Consumer
C0305,2024-11-23,Northeast,Consumer
C0306,2024-10-16,South,Small Business
C0307,2024-08-10,South,Consumer
C0308,2024-05-15,South,Small Business
C0309,2023-11-16,Midwest,Consumer
C0310,2024-01-26,West,Corporate
C0311,2023-08-08,South,Small Business
C0312,2024-01-04,Northeast,Consumer
C0313,2024-11-19,Northeast,Consumer
C0314,2024-02-03,South,Small Business
C0315,2023-08-05,Northeast,Consumer
C0316,2024-06-13,South,Consumer
C0317,2024-12-10,West,Consumer
C0318,2024-10-16,Northeast,Consumer
C0319,2023-11-06,Northeast,Corporate
C0320,2024-02-19,West,Corporate
C0321,2024-04-03,South,Consumer
C0322,2023-10-22,Northeast,Small Business
C0323,2023-11-03,West,Consumer
C0324,2023-10-16,West,Consumer
C0325,2024-12-28,South,Corporate
C0326,2024-08-06,South,Small Business
C0327,2024-09-30,Midwest,Consumer
C0328,2024-09-16,Northeast,Consumer
C0329,2024-12-08,South,Consumer
C0330,2023-08-01,Midwest,Small Business
C0331,2024-10-24,South,Consumer
C0332,2023-07-09,West,Consumer
C0333,2024-03-02,Northeast,Corporate
C0334,2024-05-10,South,Consumer
C0335,2023-12-25,Midwest,Consumer
C0336,2023-08-24,West,Consumer
C0337,2023-09-20,Midwest,Consumer
C0338,2024-09-21,South,Consumer
C0339,2023-12-02,South,Small Business
C0340,2023-11-27,Midwest,Corporate
C0341,2024-11-17,South,Corporate
C0342,2023-08-23,South,Small Business
C0343,2024-11-12,South,Consumer
C0344,2024-11-16,South,Consumer
C0345,2024-05-13,West,Small Business
C0346,2023-09-05,Midwest,Consumer
C0347,2023-08-30,South,Corporate
C0348,2023-11-13,Northeast,Corporate
C0349,2024-04-30,West,Consumer
C0350,2023-08-29,South,Consumer
C0351,2024-02-20,Midwest,Consumer
C0352,2023-08-06,Northeast,Consumer
C0353,2024-04-09,West,Consumer
C0354,2023-06-13,Midwest,Consumer
C0355,2024-07-16,South,Corporate
C0356,2023-07-03,Northeast,Small Business
C0357,2023-09-21,West,Small Business
C0358,2023-09-10,Northeast,Consumer
C0359,2024-09-24,Northeast,Consumer
C0360,2023-07-01,West,Consumer
C0361,2024-02-04,West,Consumer
C0362,2024-05-08,Northeast,Small Business
C0363,2024-03-26,South,Consumer
C0364,2024-06-29,South,Consumer
C0365,2024-09-08,West,Small Business
C0366,2024-01-15,Midwest,Consumer
C0367,2024-09-23,South,Consumer
C0368,2023-12-02,South,Consumer
C0369,2024-12-22,South,Corporate
C0370,2024-03-19,West,Corporate
C0371,2024-07-31,South,Consumer
C0372,2024-10-20,Northeast,Small Business
C0373,2024-09-02,West,Small Business
C0374,2024-10-06,West,Small Business
C0375,2024-04-07,West,Consumer
C0376,2023-06-26,Northeast,Consumer
C0377,2024-03-12,Northeast,Small Business
C0378,2023-09-14,South,Consumer
C0379,2024-10-28,Northeast,Corporate
C0380,2023-10-16,West,Corporate
C0381,2023-10-11,Midwest,Consumer
C0382,2023-10-23,South,Corporate
C0383,2024-06-07,West,Small Business
C0384,2024-04-27,Midwest,Corporate
C0385,2024-12-02,Midwest,Consumer
C0386,2024-01-28,South,Small Business
C0387,2023-11-11,South,Consumer
C0388,2023-06-29,Midwest,Corporate
C0389,2023-06-05,South,Small Business
C0390,2024-01-03,West,Corporate
C0391,2024-11-18,South,Consumer
C0392,2024-03-30,Northeast,Consumer
C0393,2024-10-31,Midwest,Consumer
C0394,2023-07-29,Midwest,Consumer
C0395,2023-07-25,Northeast,Consumer
C0396,2024-09-26,Northeast,Corporate
C0397,2023-08-01,South,Consumer
C0398,2023-07-01,Midwest,Corporate
C0399,2024-01-21,West,Small Business
C0400,2024-11-18,Midwest,Consumer
C0401,2024-07-04,Northeast,Corporate
C0402,2023-07-28,South,Corporate
C0403,2024-09-28,West,Consumer
C0404,2024-10-02,Midwest,Consumer
C0405,2024-09-07,Northeast,Corporate
C0406,2024-11-05,Northeast,Small Business
C0407,2023-10-18,South,Corporate
C0408,2024-12-20,South,Small Business
C0409,2023-12-04,Midwest,Small Business
C0410,2024-09-08,Northeast,Consumer
C0411,2024-05-02,South,Corporate
C0412,2024-08-26,West,Consumer
C0413,2024-05-30,South,Small Business
C0414,2024-06-07,South,Consumer
C0415,2024-05-23,Northeast,Consumer
C0416,2024-08-25,Midwest,Small Business
C0417,2024-08-02,Midwest,Consumer
C0418,2023-08-18,West,Corporate
C0419,2024-09-22,West,Consumer
C0420,2024-04-06,West,Small Business
C0421,2023-12-05,West,Small Business
C0422,2024-03-25,West,Consumer
C0423,2024-12-12,West,Corporate
C0424,2024-10-10,Northeast,Consumer
C0425,2024-09-26,Northeast,Corporate
C0426,2024-02-24,Midwest,Corporate
C0427,2024-08-28,South,Small Business
C0428,2024-01-10,Northeast,Consumer
C0429,2024-07-02,West,Consumer
C0430,2024-06-05,South,Corporate
C0431,2023-10-23,South,Corporate
C0432,2023-11-02,Northeast,Consumer
C0433,2023-07-06,Midwest,Consumer
C0434,2023-08-21,Northeast,Consumer
C0435,2024-02-07,West,Small Business
C0436,2024-03-04,South,Consumer
C0437,2023-09-04,South,Consumer
C0438,2024-01-28,Midwest,Small Business
C0439,2024-05-16,Midwest,Consumer
C0440,2023-10-13,Midwest,Corporate
C0441,2023-12-14,West,Consumer
C0442,2023-12-31,West,Small Business
C0443,2024-03-19,Northeast,Corporate
C0444,2023-12-30,West,Small Business
C0445,2024-08-01,Northeast,Consumer
C0446,2023-12-07,West,Consumer
C0447,2024-02-07,Northeast,Corporate
C0448,2024-01-07,Midwest,Consumer
C0449,2023-09-15,West,Consumer
C0450,2024-07-02,Northeast,Consumer
C0451,2023-10-15,Midwest,Small Business
C0452,2023-11-20,South,Corporate
C0453,2024-09-02,Midwest,Corporate
C0454,2024-12-02,South,Corporate
C0455,2024-06-24,West,Consumer
C0456,2024-11-13,West,Consumer
C0457,2024-10-08,Midwest,Consumer
C0458,2024-03-05,South,Corporate
C0459,2024-08-20,Midwest,Consumer
C0460,2023-12-08,Midwest,Small Business
C0461,2024-02-23,Northeast,Small Business
C0462,2024-04-06,West,Consumer
C0463,2024-12-09,West,Corporate
C0464,2024-10-05,West,Consumer
C0465,2024-03-10,South,Small Business
C0466,2024-06-13,South,Small Business
C0467,2023-09-26,South,Small Business
C0468,2024-09-09,South,Consumer
C0469,2024-04-16,South,Consumer
C0470,2024-04-04,Northeast,Consumer
C0471,2024-08-18,Northeast,Consumer
C0472,2024-06-02,West,Consumer
C0473,2023-07-13,South,Consumer
C0474,2023-11-15,West,Small Business
C0475,2023-09-11,Northeast,Consumer
C0476,2024-07-31,South,Consumer
C0477,2023-06-21,Northeast,Small Business
C0478,2023-09-26,Midwest,Corporate
C0479,2024-05-12,Northeast,Corporate
C0480,2024-07-07,Northeast,Corporate
C0481,2024-03-18,West,Small Business
C0482,2024-10-12,Midwest,Corporate
C0483,2024-11-14,South,Consumer
C0484,2023-08-16,South,Corporate
C0485,2024-12-04,Midwest,Consumer
C0486,2024-05-22,South,Consumer
C0487,2024-06-04,Northeast,Consumer
C0488,2023-07-26,West,Consumer
C0489,2024-05-26,West,Corporate
C0490,2024-07-25,South,Consumer
C0491,2024-05-02,South,Consumer
C0492,2023-07-20,Northeast,Consumer
C0493,2024-03-30,West,Small Business
C0494,2024-11-24,Midwest,Consumer
C0495,2024-07-24,Northeast,Corporate
C0496,2023-08-19,Midwest,Small Business
C0497,2024-12-08,West,Consumer
C0498,2024-12-08,South,Corporate
C0499,2023-09-07,South,Consumer
C0500,2024-09-07,West,Consumer
C0501,2024-01-22,Northeast,Corporate
C0502,2024-05-10,West,Small Business
C0503,2024-02-14,South,Consumer
C0504,2024-08-27,South,Corporate
C0505,2024-12-30,Northeast,Consumer
C0506,2024-09-04,West,Corporate
C0507,2024-11-22,Midwest,Corporate
C0508,2024-11-30,Northeast,Corporate
C0509,2023-07-23,South,Corporate
C0510,2023-10-25,Northeast,Consumer
C0511,2024-07-23,Northeast,Corporate
C0512,2024-05-08,South,Corporate
C0513,2023-06-30,Midwest,Corporate
C0514,2023-07-26,West,Consumer
C0515,2024-03-28,Midwest,Consumer
C0516,2024-05-23,South,Consumer
C0517,2023-09-06,South,Consumer
C0518,2023-09-08,South,Consumer
C0519,2023-08-15,South,Consumer
C0520,2024-04-23,South,Corporate
C0521,2023-06-05,West,Consumer
C0522,2024-04-28,Midwest,Small Business
C0523,2024-03-03,Northeast,Consumer
C0524,2024-02-26,South,Corporate
C0525,2024-06-28,West,Consumer
C0526,2024-03-30,Northeast,Consumer
C0527,2024-07-27,South,Corporate
C0528,2024-08-17,West,Small Business
C0529,2024-11-15,South,Consumer
C0530,2024-09-06,West,Consumer
C0531,2024-03-27,South,Corporate
C0532,2024-03-12,South,Corporate
C0533,2023-10-15,Midwest,Consumer
C0534,2024-05-13,West,Consumer
C0535,2023-08-20,Midwest,Consumer
C0536,2024-11-22,South,Small Business
C0537,2024-10-03,Midwest,Consumer
C0538,2023-08-09,South,Consumer
C0539,2024-08-29,South,Small Business
C0540,2023-08-07,South,Consumer
C0541,2024-07-23,West,Consumer
C0542,2023-07-21,Midwest,Consumer
C0543,2024-03-10,South,Consumer
C0544,2024-06-16,Midwest,Consumer
C0545,2024-07-27,Midwest,Consumer
C0546,2024-01-29,South,Corporate
C0547,2024-11-16,Northeast,Corporate
C0548,2024-08-23,Northeast,Consumer
C0549,2023-09-29,South,Corporate
C0550,2024-06-24,South,Consumer
C0551,2024-07-28,South,Small Business
C0552,2023-12-11,Northeast,Consumer
C0553,2024-08-02,Midwest,Corporate
C0554,2024-11-03,Northeast,Consumer
C0555,2024-09-16,West,Corporate
C0556,2024-08-16,West,Consumer
C0557,2024-06-03,Midwest,Corporate
C0558,2023-11-04,South,Consumer
C0559,2024-09-04,Northeast,Small Business
C0560,2023-12-29,Midwest,Consumer
C0561,2024-04-04,Northeast,Corporate
C0562,2023-11-30,Midwest,Small Business
C0563,2023-11-29,South,Small Business
C0564,2023-08-31,West,Consumer
C0565,2024-12-09,Northeast,Consumer
C0566,2023-08-25,South,Consumer
C0567,2023-07-21,South,Consumer
C0568,2024-11-24,West,Corporate
C0569,2024-04-17,South,Small Business
C0570,2024-02-09,Midwest,Small Business
C0571,2024-08-01,South,Consumer
C0572,2024-01-09,Midwest,Corporate
C0573,2023-08-14,West,Small Business
C0574,2024-07-28,Midwest,Small Business
C0575,2023-09-11,South,Consumer
C0576,2024-04-16,Northeast,Consumer
C0577,2024-12-02,Midwest,Small Business
C0578,2024-11-24,West,Consumer
C0579,2023-12-27,South,Consumer
C0580,2024-08-26,South,Small Business
C0581,2024-05-21,West,Small Business
C0582,2024-03-05,West,Small Business
C0583,2023-08-21,Midwest,Corporate
C0584,2024-01-05,South,Consumer
C0585,2024-06-13,South,Consumer
C0586,2024-12-24,South,Consumer
C0587,2023-06-03,Midwest,Corporate
C0588,2024-07-21,Midwest,Consumer
C0589,2024-10-03,West,Corporate
C0590,2024-12-03,West,Consumer
C0591,2024-02-01,West,Corporate
C0592,2023-08-08,West,Consumer
C0593,2023-11-05,South,Consumer
C0594,2024-10-06,West,Consumer
C0595,2024-10-22,West,Consumer
C0596,2024-06-04,South,Small Business
C0597,2023-08-11,South,Consumer
C0598,2023-08-10,Midwest,Consumer
C0599,2024-03-04,South,Corporate
C0600,2024-05-07,Midwest,Corporate
C0601,2023-06-19,Midwest,Consumer
C0602,2024-07-02,South,Consumer
C0603,2024-04-11,Midwest,Consumer
C0604,2023-06-08,Northeast,Corporate
C0605,2023-07-26,West,Consumer
C0606,2024-02-19,West,Consumer
C0607,2024-07-24,Northeast,Consumer
C0608,2024-09-21,Northeast,Corporate
C0609,2024-02-06,Midwest,Consumer
C0610,2023-11-19,West,Small Business
C0611,2024-12-13,West,Consumer
C0612,2024-02-21,Northeast,Corporate
C0613,2023-11-30,West,Consumer
C0614,2024-02-12,Northeast,Consumer
C0615,2023-06-08,Midwest,Consumer
C0616,2023-11-23,West,Small Business
C0617,2024-03-26,Northeast,Small Business
C0618,2024-11-14,Northeast,Consumer
C0619,2024-08-02,South,Consumer
C0620,2024-08-27,South,Small Business
C0621,2024-04-12,West,Consumer
C0622,2023-08-04,West,Consumer
C0623,2024-01-13,Northeast,Consumer
C0624,2024-12-30,Northeast,Corporate
C0625,2023-06-26,West,Corporate
C0626,2024-10-22,Midwest,Corporate
C0627,2024-07-02,West,Small Business
C0628,2023-11-12,South,Consumer
C0629,2024-08-25,Northeast,Consumer
C0630,2024-09-28,West,Consumer
C0631,2023-06-26,Northeast,Consumer
C0632,2023-08-01,South,Consumer
C0633,2024-06-21,South,Consumer
C0634,2024-12-31,South,Consumer
C0635,2023-06-14,South,Corporate
C0636,2024-06-21,South,Consumer
C0637,2023-08-19,West,Consumer
C0638,2024-06-12,West,Corporate
C0639,2024-05-27,South,Corporate
C0640,2023-07-23,Northeast,Corporate
C0641,2024-06-29,South,Small Business
C0642,2024-11-02,West,Corporate
C0643,2024-10-13,Midwest,Consumer
C0644,2023-06-17,South,Consumer
C0645,2023-10-21,South,Corporate
C0646,2023-10-18,Northeast,Consumer
C0647,2024-02-18,South,Consumer
C0648,2023-08-22,Midwest,Consumer
C0649,2024-10-08,West,Consumer
C0650,2024-08-24,West,Consumer
C0651,2024-09-11,West,Consumer
C0652,2023-09-23,Midwest,Small Business
C0653,2023-06-09,Midwest,Small Business
C0654,2024-11-10,South,Consumer
C0655,2023-11-15,West,Small Business
C0656,2024-06-15,South,Consumer
C0657,2024-11-09,West,Small Business
C0658,2023-06-21,Northeast,Small Business
C0659,2023-06-04,West,Consumer
C0660,2023-06-04,Northeast,Corporate
C0661,2023-08-30,Northeast,Small Business
C0662,2023-06-30,South,Small Business
C0663,2024-09-18,Northeast,Small Business
C0664,2024-05-17,Northeast,Corporate
C0665,2024-12-20,Northeast,Consumer
C0666,2024-09-07,South,Small Business
C0667,2024-12-10,West,Corporate
C0668,2023-10-17,Northeast,Corporate
C0669,2023-11-14,South,Consumer
C0670,2024-10-05,West,Corporate
C0671,2023-10-21,Northeast,Consumer
C0672,2023-07-04,Northeast,Corporate
C0673,2024-06-23,West,Consumer
C0674,2024-09-07,West,Corporate
C0675,2024-12-13,South,Small Business
C0676,2024-11-20,West,Consumer
C0677,2023-08-09,Northeast,Consumer
C0678,2024-08-21,Midwest,Consumer
C0679,2024-10-03,South,Small Business
C0680,2024-07-09,Midwest,Corporate
C0681,2024-09-18,South,Consumer
C0682,2024-09-29,South,Consumer
C0683,2024-02-14,South,Consumer
C0684,2023-06-24,South,Consumer
C0685,2024-02-20,Midwest,Small Business
C0686,2023-09-26,Northeast,Corporate
C0687,2023-08-05,Northeast,Consumer
C0688,2023-08-12,South,Small Business
C0689,2024-07-09,Northeast,Consumer
C0690,2024-03-19,Northeast,Small Business
C0691,2024-04-09,Northeast,Consumer
C0692,2024-08-06,Northeast,Corporate
C0693,2024-04-13,West,Small Business
C0694,2024-05-31,Midwest,Consumer
C0695,2023-07-20,West,Corporate
C0696,2024-10-06,Northeast,Small Business
C0697,2024-02-16,South,Consumer
C0698,2023-08-30,South,Consumer
C0699,2024-09-14,Midwest,Corporate
C0700,2024-07-31,West,Consumer
C0701,2023-07-01,West,Consumer
C0702,2023-09-20,West,Consumer
C0703,2023-06-10,Northeast,Corporate
C0704,2023-11-05,Midwest,Consumer
C0705,2023-07-28,South,Consumer
C0706,2024-07-16,Midwest,Small Business
C0707,2024-03-30,South,Consumer
C0708,2024-12-20,South,Small Business
C0709,2024-08-08,South,Consumer
C0710,2024-05-20,West,Small Business
C0711,2024-03-22,South,Corporate
C0712,2023-07-02,Northeast,Consumer
C0713,2023-07-11,Northeast,Small Business
C0714,2024-05-23,South,Consumer
C0715,2023-06-03,South,Consumer
C0716,2023-06-25,Midwest,Consumer
C0717,2023-10-06,Midwest,Corporate
C0718,2024-10-25,South,Consumer
C0719,2024-02-22,West,Consumer
C0720,2024-07-16,South,Consumer
C0721,2024-01-25,Midwest,Consumer
C0722,2023-09-09,Midwest,Consumer
C0723,2024-01-02,South,Consumer
C0724,2023-07-24,Midwest,Consumer
C0725,2024-08-20,South,Consumer
C0726,2023-09-15,South,Corporate
C0727,2024-01-05,Northeast,Consumer
C0728,2024-12-20,Northeast,Corporate
C0729,2024-05-09,Northeast,Consumer
C0730,2024-02-21,West,Consumer
C0731,2024-04-10,South,Consumer
C0732,2024-08-28,Northeast,Consumer
C0733,2023-10-26,West,Consumer
C0734,2024-06-04,South,Small Business
C0735,2024-10-19,South,Consumer
C0736,2024-04-27,West,Consumer
C0737,2024-02-14,Northeast,Corporate
C0738,2023-08-24,Northeast,Consumer
C0739,2023-10-23,South,Consumer
C0740,2024-11-30,Northeast,Consumer
C0741,2024-04-09,South,Consumer
C0742,2023-11-22,Northeast,Consumer
C0743,2024-01-29,Northeast,Corporate
C0744,2024-05-01,Northeast,Small Business
C0745,2024-04-07,South,Consumer
C0746,2024-07-10,Northeast,Corporate
C0747,2023-10-28,Northeast,Corporate
C0748,2024-06-11,West,Consumer
C0749,2024-02-12,Midwest,Corporate
C0750,2024-11-27,Midwest,Corporate
C0751,2023-08-31,Northeast,Small Business
C0752,2023-08-26,Midwest,Small Business
C0753,2024-02-23,Midwest,Consumer
C0754,2024-03-21,South,Consumer
C0755,2024-07-05,Northeast,Consumer
C0756,2024-01-21,West,Consumer
C0757,2024-11-11,West,Consumer
C0758,2024-03-02,Northeast,Small Business
C0759,2023-08-15,Northeast,Consumer
C0760,2023-08-09,Northeast,Consumer
C0761,2024-12-16,South,Small Business
C0762,2023-08-17,Northeast,Consumer
C0763,2024-12-01,West,Consumer
C0764,2023-11-09,South,Small Business
C0765,2023-07-25,West,Consumer
C0766,2023-11-24,South,Consumer
C0767,2024-05-22,West,Consumer
C0768,2024-02-04,Northeast,Small Business
C0769,2024-08-29,Midwest,Consumer
C0770,2024-05-20,Midwest,Consumer
C0771,2024-01-19,West,Consumer
C0772,2024-06-03,South,Consumer
C0773,2024-12-15,West,Small Business
C0774,2024-01-25,Northeast,Consumer
C0775,2023-08-28,West,Small Business
C0776,2024-01-24,South,Consumer
C0777,2024-09-30,South,Consumer
C0778,2023-10-05,West,Small Business
C0779,2024-12-02,Midwest,Consumer
C0780,2024-05-07,Midwest,Consumer
C0781,2024-05-14,South,Small Business
C0782,2023-12-01,Northeast,Consumer
C0783,2024-11-15,Midwest,Consumer
C0784,2023-06-21,Northeast,Small Business
C0785,2023-11-21,Northeast,Consumer
C0786,2024-01-29,West,Consumer
C0787,2024-03-03,South,Consumer
C0788,2024-03-01,Midwest,Consumer
C0789,2023-08-25,Midwest,Consumer
C0790,2023-10-09,South,Corporate
C0791,2023-07-26,South,Consumer
C0792,2024-04-28,West,Corporate
C0793,2023-12-21,West,Consumer
C0794,2024-04-24,Midwest,Consumer
C0795,2024-05-08,Midwest,Consumer
C0796,2024-07-12,South,Corporate
C0797,2024-04-13,South,Consumer
C0798,2024-06-10,South,Consumer
C0799,2024-05-06,South,Small Business
C0800,2024-06-13,South,Corporate
