product_id,product_name,category,unit_price
P001,ELEC-001,Electronics,776.86
P002,GROC-002,Grocery,27.35
P003,GROC-003,Grocery,49.77
P004,APPA-004,Apparel,27.36
P005,APPA-005,Apparel,76.2
P006,SPOR-006,Sports,309.91
P007,ELEC-007,Electronics,256.51
P008,GROC-008,Grocery,14.18
P009,HOME-009,Home & Furniture,152.01
P010,ELEC-010,Electronics,108.97
P011,APPA-011,Apparel,215.54
P012,SPOR-012,Sports,91.75
P013,GROC-013,Grocery,6.25
P014,GROC-014,Grocery,9.95
P015,GROC-015,Grocery,44.73
P016,GROC-016,Grocery,30.4
P017,APPA-017,Apparel,201.22
P018,ELEC-018,Electronics,296.36
P019,SPOR-019,Sports,317.52
P020,APPA-020,Apparel,146.07
P021,APPA-021,Apparel,375.86
P022,HOME-022,Home & Furniture,363.71
P023,ELEC-023,Electronics,306.62
P024,SPOR-024,Sports,135.44
P025,GROC-025,Grocery,13.87
P026,GROC-026,Grocery,32.56
P027,APPA-027,Apparel,96.36
P028,SPOR-028,Sports,11.25
P029,APPA-029,Apparel,355.82
P030,APPA-030,Apparel,301.86
P031,APPA-031,Apparel,319.68
P032,HOME-032,Home & Furniture,353.08
P033,ELEC-033,Electronics,616.01
P034,APPA-034,Apparel,259.38
P035,SPOR-035,Sports,69.79
P036,ELEC-036,Electronics,527.91
P037,SPOR-037,Sports,303.43
P038,SPOR-038,Sports,216.22
P039,HOME-039,Home & Furniture,257.83
P040,GROC-040,Grocery,13.38
P041,ELEC-041,Electronics,718.47
P042,GROC-042,Grocery,43.3
P043,GROC-043,Grocery,29.54
P044,HOME-044,Home & Furniture,142.35
P045,ELEC-045,Electronics,618.02
P046,SPOR-046,Sports,201.03
P047,APPA-047,Apparel,102.85
P048,SPOR-048,Sports,188.57
